Whole Milk,Teabags,Sugar,Walnuts
Whole Milk,Bread,Peanut Butter,Walnuts
Whole Milk,Bread,Peanut Butter,Eggs,Juice
Bread,Peanut Butter,Eggs,Walnuts
Whole Milk,Teabags,Sugar,Bread,Eggs,Juice
Whole Milk,Sugar,Teabags,Bread,Peanut Butter,Protein Shake
Whole Milk,Teabags,Sugar,Walnuts,Cookies
Whole Milk,Sugar,Walnuts,Teabags
Whole Milk,Sugar,Teabags
Bread,Eggs,Walnuts,Cookies,Protein Shake
Bread,Eggs,Juice
Bread,Eggs,Whole Milk,Sugar,Teabags
Walnuts,Cookies,Whole Milk
Walnuts,Cookies,Bread,Eggs,Juice
Protein Shake,Walnuts,Cookies,Whole Milk
Bread,Peanut Butter,Eggs,Juice
Whole Milk,Sugar,Teabags,Bread,Walnuts
Whole Milk,Bread,Cookies
Whole Milk,Bread,Juice,Eggs
Teabags,Sugar,Whole Milk,Walnuts,Bread,Eggs,Juice
